{"cameraMode":{"drawMode":0,"name":"Shaded","section":"Shading Mode"},"sceneLighting":false,"audioPlay":false,"sceneViewState":{"showFog":true,"showMaterialUpdate":false,"showSkybox":true,"showFlares":true,"showImageEffects":true,"showParticleSystems":true},"in2DMode":false,"pivot":{"x":-0.019516944885253907,"y":-1.233874797821045,"z":8.620682716369629},"rotation":{"x":-0.06312063336372376,"y":0.06790846586227417,"z":-0.004305155482143164,"w":-0.9956835508346558},"size":19.99188804626465,"orthographic":false}