{"cameraMode":{"drawMode":0,"name":"Shaded","section":"Shading Mode"},"sceneLighting":false,"audioPlay":false,"sceneViewState":{"showFog":true,"showMaterialUpdate":false,"showSkybox":true,"showFlares":true,"showImageEffects":true,"showParticleSystems":true},"in2DMode":false,"pivot":{"x":2.5972952842712404,"y":0.045027732849121097,"z":1.9296808242797852},"rotation":{"x":-0.22524122893810273,"y":0.6373690962791443,"z":-0.20262862741947175,"w":-0.7084974646568298},"size":6.524636268615723,"orthographic":false}