{"cameraMode":{"drawMode":0,"name":"Shaded","section":"Shading Mode"},"sceneLighting":false,"audioPlay":false,"sceneViewState":{"showFog":true,"showMaterialUpdate":false,"showSkybox":true,"showFlares":true,"showImageEffects":true,"showParticleSystems":true},"in2DMode":false,"pivot":{"x":0.22690963745117188,"y":0.2323700189590454,"z":-6.146807670593262},"rotation":{"x":-0.12921369075775147,"y":0.41496285796165469,"z":-0.05966693535447121,"w":-0.898637592792511},"size":4.95335578918457,"orthographic":false}