{"cameraMode":{"drawMode":0,"name":"Shaded","section":"Shading Mode"},"sceneLighting":true,"audioPlay":false,"sceneViewState":{"showFog":true,"showMaterialUpdate":true,"showSkybox":true,"showFlares":true,"showImageEffects":true,"showParticleSystems":true},"in2DMode":false,"pivot":{"x":-0.08455266058444977,"y":0.6796343326568604,"z":80.70865631103516},"rotation":{"x":-0.029819229617714883,"y":0.10803647339344025,"z":-0.003243617480620742,"w":-0.9936943650245667},"size":12.019271850585938,"orthographic":true}