{"cameraMode":{"drawMode":0,"name":"Shaded","section":"Shading Mode"},"sceneLighting":false,"audioPlay":false,"sceneViewState":{"showFog":true,"showMaterialUpdate":false,"showSkybox":true,"showFlares":true,"showImageEffects":true,"showParticleSystems":true},"in2DMode":false,"pivot":{"x":-0.3243721127510071,"y":-0.2029004693031311,"z":0.0},"rotation":{"x":-0.06312063336372376,"y":0.06790846586227417,"z":-0.004305155482143164,"w":-0.9956835508346558},"size":1.693915605545044,"orthographic":false}