{"cameraMode":{"drawMode":0,"name":"Shaded","section":"Shading Mode"},"sceneLighting":false,"audioPlay":false,"sceneViewState":{"showFog":true,"showMaterialUpdate":false,"showSkybox":true,"showFlares":true,"showImageEffects":true,"showParticleSystems":true},"in2DMode":false,"pivot":{"x":-0.03871345520019531,"y":-0.1952199637889862,"z":-0.07973337173461914},"rotation":{"x":-0.06312063336372376,"y":0.06790846586227417,"z":-0.004305155482143164,"w":-0.9956835508346558},"size":6.7824554443359379,"orthographic":false}