{"cameraMode":{"drawMode":0,"name":"Shaded","section":"Shading Mode"},"sceneLighting":false,"audioPlay":false,"sceneViewState":{"showFog":true,"showMaterialUpdate":false,"showSkybox":true,"showFlares":true,"showImageEffects":true,"showParticleSystems":true},"in2DMode":false,"pivot":{"x":-0.3600255250930786,"y":0.1490171104669571,"z":-0.03343512862920761},"rotation":{"x":-0.06312063336372376,"y":0.06790846586227417,"z":-0.004305155482143164,"w":-0.9956835508346558},"size":8.88775634765625,"orthographic":false}