{"cameraMode":{"drawMode":0,"name":"Shaded","section":"Shading Mode"},"sceneLighting":false,"audioPlay":false,"sceneViewState":{"showFog":true,"showMaterialUpdate":false,"showSkybox":true,"showFlares":true,"showImageEffects":true,"showParticleSystems":true},"in2DMode":false,"pivot":{"x":-0.3523598909378052,"y":-1.0713586807250977,"z":-0.24377822875976563},"rotation":{"x":-0.13593044877052308,"y":0.08074556291103363,"z":-0.011114340275526047,"w":-0.9873599410057068},"size":6.63811731338501,"orthographic":false}