{"cameraMode":{"drawMode":0,"name":"Shaded","section":"Shading Mode"},"sceneLighting":true,"audioPlay":false,"sceneViewState":{"showFog":true,"showMaterialUpdate":false,"showSkybox":true,"showFlares":true,"showImageEffects":true,"showParticleSystems":true},"in2DMode":false,"pivot":{"x":257.09716796875,"y":189.59356689453126,"z":27.266311645507814},"rotation":{"x":-0.09913135319948197,"y":-0.01731579191982746,"z":0.0017255275743082166,"w":-0.9949222207069397},"size":702.6840209960938,"orthographic":false}